{
  "current-scene": "0e430133-4ae9-4d49-8f80-c0a11aa05312",
  "gizmos-infos": {
    "iconGizmoSize": 2,
    "isGridVisible": true,
    "isIconGizmo3D": false
  },
  "camera-infos": {
    "0e430133-4ae9-4d49-8f80-c0a11aa05312": {
      "position": {
        "x": 31.04921951363586,
        "y": 32.00389844249621,
        "z": 33.7136294735679
      },
      "rotation": {
        "w": 0.8886123757568638,
        "x": -0.27954493865303776,
        "y": 0.34684830539607014,
        "z": 0.10910959400302386
      },
      "viewCenter": {
        "x": 0,
        "y": 0,
        "z": 0
      }
    },
    "f46876e4-e81b-4931-b493-6d367be385e7": {
      "position": {
        "x": 50,
        "y": 50,
        "z": 50
      },
      "rotation": {
        "w": 0.8804762392171493,
        "x": -0.27984814233312133,
        "y": 0.3647051996310009,
        "z": 0.11591689595929514
      },
      "viewCenter": {
        "x": 0,
        "y": 0,
        "z": 0
      }
    }
  },
  "camera-uuids": [
    "0e430133-4ae9-4d49-8f80-c0a11aa05312"
  ]
}
